,survival,pclass,sex,age,sibsp,parch,fare,embarked,class,who,adult_male,embark_town,alive,alone,family_size
0,0,3,male,-0.5973544895034857,1,0,-0.8171364171248408,S,Third,man,True,S,no,False,1
2,1,3,female,-0.222648200870974,0,0,-0.7674098734159038,S,Third,woman,False,S,yes,True,0
3,1,1,female,0.620440948552178,1,0,2.5605851074007235,S,First,woman,False,S,yes,False,1
4,0,3,male,0.620440948552178,0,0,-0.7582012542105451,S,Third,man,True,S,no,True,0
5,0,3,male,0.12387246031513621,0,0,-0.7281222204381615,Q,Third,man,True,Q,no,True,0
6,0,1,male,2.4002958195566095,0,0,2.4694197772676723,S,First,man,True,S,no,True,0
8,1,3,female,-0.12897162871284584,0,2,-0.5310577694434857,S,Third,woman,False,S,yes,False,2
9,1,2,female,-1.3467670667685094,1,0,0.8640480401683542,C,Second,child,False,C,yes,False,1
10,1,3,female,-2.2835327883497896,1,1,-0.12096480519972434,S,Third,child,False,S,yes,False,2
12,0,3,male,-0.7847076338197417,0,0,-0.7582012542105451,S,Third,man,True,S,no,True,0
13,0,3,male,0.9951472371846896,1,5,0.9527601941450976,S,Third,man,True,S,no,False,6
14,0,3,female,-1.3467670667685094,0,0,-0.772625635333819,S,Third,child,False,S,no,True,0
17,1,2,male,0.12387246031513621,0,0,-0.39353993367834134,S,Second,man,True,S,yes,True,0
18,0,3,female,0.2457346599196658,1,0,-0.02519516546399406,S,Third,woman,False,S,no,False,1
19,1,3,female,0.12387246031513621,0,0,-0.8189781409659125,C,Third,woman,False,C,yes,True,0
20,0,2,male,0.620440948552178,0,0,0.5641564636789616,S,Second,man,True,S,no,True,0
21,1,2,male,0.5267643763940498,0,0,-0.39353993367834134,S,Second,man,True,S,yes,True,0
22,1,3,female,-1.2530904946103816,0,0,-0.7597335684463169,Q,Third,child,False,Q,yes,True,0
23,1,1,male,-0.03529505655471765,0,0,1.2640115232862215,S,First,man,True,S,yes,True,0
24,0,3,female,-1.9088264997172775,3,1,0.2013368669878294,S,Third,child,False,S,no,False,4
25,1,3,female,0.9014706650265619,1,5,0.9610479514299205,S,Third,woman,False,S,yes,False,6
26,0,3,male,0.12387246031513621,0,0,-0.8189781409659125,C,Third,man,True,C,no,True,0
28,1,3,female,0.12387246031513621,0,0,-0.7707839114927473,Q,Third,woman,False,Q,yes,True,0
29,0,3,male,0.12387246031513621,0,0,-0.7695610068622756,S,Third,man,True,S,no,True,0
30,0,1,male,1.088823809342818,0,0,0.6909259991076113,C,First,man,True,C,no,True,0
32,1,3,female,0.12387246031513621,0,0,-0.780301940303406,Q,Third,woman,False,Q,yes,True,0
35,0,1,male,1.2761769536590737,1,0,2.479549258393567,S,First,man,True,S,no,False,1
36,1,3,male,0.12387246031513621,0,0,-0.8186687313606125,C,Third,man,True,C,yes,True,0
37,0,3,male,-0.6910310616616139,0,0,-0.7582012542105451,S,Third,man,True,S,no,True,0
38,0,3,female,-0.9720607781359979,2,0,-0.02519516546399406,S,Third,woman,False,S,no,False,2
39,1,3,female,-1.3467670667685094,1,0,-0.5230720548685988,C,Third,child,False,C,yes,False,1
40,0,3,female,1.088823809342818,1,0,-0.6532229952694563,S,Third,woman,False,S,no,False,1
41,0,2,female,-0.12897162871284584,1,0,0.19581169546461424,S,Second,woman,False,S,no,False,1
42,0,3,male,0.12387246031513621,0,0,-0.7695610068622756,C,Third,man,True,C,no,True,0
43,1,2,female,-2.3772093605079174,1,2,1.7118598262719533,C,Second,child,False,C,yes,False,3
44,1,3,female,-0.8783842059778697,0,0,-0.7707839114927473,Q,Third,woman,False,Q,yes,True,0
45,0,3,male,0.12387246031513621,0,0,-0.7582012542105451,S,Third,man,True,S,no,True,0
46,0,3,male,0.12387246031513621,1,0,-0.20936754957116785,Q,Third,man,True,Q,no,False,1
48,0,3,male,0.12387246031513621,2,0,0.2458476487788512,C,Third,man,True,C,no,False,2
49,0,3,female,-0.9720607781359979,1,0,-0.039928956192567935,S,Third,woman,False,S,no,False,1
50,0,3,male,-2.0025030718754055,4,1,1.572500266665737,S,Third,child,False,S,no,False,5
51,0,3,male,-0.6910310616616139,0,0,-0.7766184926212625,S,Third,man,True,S,no,True,0
53,1,2,female,0.05838151560341,1,0,0.5641564636789616,S,Second,woman,False,S,yes,False,1
55,1,1,male,0.12387246031513621,0,0,1.2640115232862215,S,First,man,True,S,yes,True,0
56,1,2,female,-0.6910310616616139,0,0,-0.577712317785515,S,Second,woman,False,S,yes,True,0
57,0,3,male,0.011543229524346173,0,0,-0.8186687313606125,C,Third,man,True,C,no,True,0
58,1,2,female,-2.1898562161916617,1,2,0.6930771325539831,S,Second,child,False,S,yes,False,3
59,0,3,male,-1.6277967832428935,5,2,2.103837594814933,S,Third,child,False,S,no,False,7
60,0,3,male,-0.5973544895034857,0,0,-0.8186687313606125,C,Third,man,True,C,no,True,0
63,0,3,male,-2.2835327883497896,3,2,0.7041274756004134,S,Third,child,False,S,no,False,5
64,0,1,male,0.12387246031513621,0,0,0.6909259991076113,C,First,man,True,C,no,True,0
65,1,3,male,0.12387246031513621,1,1,-0.2280941975871853,C,Third,man,True,C,yes,False,2
66,1,2,female,0.05838151560341,0,0,-0.577712317785515,S,Second,woman,False,S,yes,True,0
67,0,3,male,-0.8783842059778697,0,0,-0.7502229065310224,S,Third,man,True,S,no,True,0
68,1,3,female,-1.0657373502941256,4,2,-0.7674098734159038,S,Third,woman,False,S,yes,False,6
69,0,3,male,-0.222648200870974,2,0,-0.7130790201042877,S,Third,man,True,S,no,False,2
70,0,2,male,0.339411232077794,0,0,-0.577712317785515,S,Second,man,True,S,no,True,0
71,0,3,female,-1.1594139224522537,5,2,2.103837594814933,S,Third,woman,False,S,no,False,7
73,0,3,male,-0.222648200870974,1,0,-0.28641054129088067,C,Third,man,True,C,no,False,1
74,1,3,male,0.339411232077794,0,0,2.8107501401811796,S,Third,man,True,S,yes,True,0
75,0,3,male,-0.31632477302910195,0,0,-0.7876688356676929,S,Third,man,True,S,no,True,0
79,1,3,female,0.15205808776153817,0,0,-0.43221613434084794,S,Third,woman,False,S,yes,True,0
80,0,3,male,-0.5973544895034857,0,0,-0.6882157482498191,S,Third,man,True,S,no,True,0
81,1,3,male,0.05838151560341,0,0,-0.6513812714283845,S,Third,man,True,S,yes,True,0
82,1,3,female,0.12387246031513621,0,0,-0.7775393545417985,Q,Third,woman,False,Q,yes,True,0
83,0,1,male,-0.03529505655471765,0,0,2.1185713855435067,S,First,man,True,S,no,True,0
84,1,2,female,-1.0657373502941256,0,0,-0.577712317785515,S,Second,woman,False,S,yes,True,0
85,1,3,female,0.43308780423592214,3,0,-0.18358341579616339,S,Third,woman,False,S,yes,False,3
86,0,3,male,-1.1594139224522537,1,3,1.1811339504379932,S,Third,man,True,S,no,False,4
89,0,3,male,-0.41000134518722986,0,0,-0.7582012542105451,S,Third,man,True,S,no,True,0
90,0,3,male,0.05838151560341,0,0,-0.7582012542105451,S,Third,man,True,S,no,True,0
91,0,3,male,-0.7847076338197417,0,0,-0.772625635333819,S,Third,man,True,S,no,True,0
92,0,1,male,1.650883242291586,1,0,3.155461908066894,S,First,man,True,S,no,False,1
93,0,3,male,-0.222648200870974,1,2,0.16450239016639462,S,Third,man,True,S,no,False,3
98,1,2,female,0.5267643763940498,0,1,0.3431496027503532,S,Second,woman,False,S,yes,False,1
99,0,2,male,0.5267643763940498,1,0,0.5641564636789616,S,Second,man,True,S,no,False,1
100,0,3,female,-0.03529505655471765,0,0,-0.7695610068622756,S,Third,woman,False,S,no,True,0
103,0,3,male,0.43308780423592214,0,0,-0.7136904724195234,S,Third,man,True,S,no,True,0
104,0,3,male,0.8077940928684338,2,0,-0.7674098734159038,S,Third,man,True,S,no,False,2
105,0,3,male,-0.03529505655471765,0,0,-0.7695610068622756,S,Third,man,True,S,no,True,0
106,1,3,female,-0.6910310616616139,0,0,-0.7876688356676929,S,Third,woman,False,S,yes,True,0
107,1,3,male,0.12387246031513621,0,0,-0.7784602164623343,S,Third,man,True,S,yes,True,0
108,0,3,male,0.9014706650265619,0,0,-0.7695610068622756,S,Third,man,True,S,no,True,0
109,1,3,female,0.12387246031513621,1,0,0.4278688994396529,Q,Third,woman,False,Q,yes,False,1
110,0,1,male,1.7445598144497136,0,0,2.479549258393567,S,First,man,True,S,no,True,0
111,0,3,female,-1.2999287806894457,1,0,-0.28641054129088067,C,Third,child,False,C,no,False,1
112,0,3,male,-0.5973544895034857,0,0,-0.7582012542105451,S,Third,man,True,S,no,True,0
113,0,3,female,-0.7847076338197417,1,0,-0.6274388614944519,S,Third,woman,False,S,no,False,1
114,0,3,female,-1.0657373502941256,0,0,-0.28610849858094495,C,Third,woman,False,C,no,True,0
115,0,3,male,-0.6910310616616139,0,0,-0.7674098734159038,S,Third,man,True,S,no,True,0
117,0,2,male,0.05838151560341,1,0,0.19581169546461424,S,Second,man,True,S,no,False,1
122,0,2,male,0.3862495181568578,1,0,0.8640480401683542,C,Second,man,True,C,no,False,1
123,1,2,female,0.3862495181568578,0,0,-0.39353993367834134,S,Second,woman,False,S,yes,True,0
125,1,3,male,-1.5341202110847656,1,0,-0.5230720548685988,C,Third,child,False,C,yes,False,1
126,0,3,male,0.12387246031513621,0,0,-0.780301940303406,Q,Third,man,True,Q,no,True,0
127,1,3,male,-0.41000134518722986,0,0,-0.8251147648043635,S,Third,man,True,S,yes,True,0
128,1,3,female,0.12387246031513621,1,1,0.2958762351977237,C,Third,woman,False,C,yes,False,2
129,0,3,male,1.5572066701334577,0,0,-0.8373953793766299,S,Third,man,True,S,no,True,0
130,0,3,male,0.43308780423592214,0,0,-0.7695610068622756,C,Third,man,True,C,no,True,0
131,0,3,male,-0.7847076338197417,0,0,-0.8318702078534147,S,Third,man,True,S,no,True,0
132,0,3,female,1.7445598144497136,1,0,-0.28303650321403717,S,Third,woman,False,S,no,False,1
134,0,2,male,-0.31632477302910195,0,0,-0.39353993367834134,S,Second,man,True,S,no,True,0
135,0,2,male,-0.5036779173453578,0,0,-0.24282798831575905,C,Second,man,True,C,no,True,0
136,1,1,female,-0.8783842059778697,0,2,0.5850268782459864,S,First,woman,False,S,yes,False,2
137,0,1,male,0.8077940928684338,1,0,2.5605851074007235,S,First,man,True,S,no,False,1
138,0,3,male,-1.1594139224522537,0,0,-0.6722516859954094,S,Third,man,True,S,no,True,0
140,0,3,female,0.12387246031513621,0,2,-0.2280941975871853,C,Third,woman,False,C,no,False,2
141,1,3,female,-0.5973544895034857,0,0,-0.780301940303406,S,Third,woman,False,S,yes,True,0
142,1,3,female,-0.41000134518722986,1,0,-0.18358341579616339,S,Third,woman,False,S,yes,False,1
143,0,3,male,-0.8783842059778697,0,0,-0.8539708939462753,Q,Third,man,True,Q,no,True,0
144,0,2,male,-0.9720607781359979,0,0,-0.5040433641426455,S,Second,man,True,S,no,True,0
145,0,2,male,-0.8783842059778697,1,1,1.3560977153398084,S,Second,man,True,S,no,False,2
146,1,3,male,-0.12897162871284584,0,0,-0.7769279022265626,S,Third,man,True,S,yes,True,0
147,0,3,female,-1.8151499275591494,2,2,1.1811339504379932,S,Third,child,False,S,no,False,4
148,0,2,male,0.76095580678937,0,2,0.5641564636789616,S,Second,man,True,S,no,False,2
149,0,2,male,1.2761769536590737,0,0,-0.39353993367834134,S,Second,man,True,S,no,True,0
150,0,2,male,2.1192661030822255,0,0,-0.4285326866587044,S,Second,man,True,S,no,True,0
153,0,3,male,1.135662095421882,0,2,-0.28303650321403717,S,Third,man,True,S,no,False,2
154,0,3,male,0.12387246031513621,0,0,-0.8125321075221613,S,Third,man,True,S,no,True,0
155,0,1,male,2.1192661030822255,0,1,3.170505108400768,C,First,man,True,C,no,False,1
156,1,3,female,-1.1594139224522537,0,0,-0.7815322118292419,Q,Third,woman,False,Q,yes,True,0
157,0,3,male,0.15205808776153817,0,0,-0.7582012542105451,S,Third,man,True,S,no,True,0
158,0,3,male,0.12387246031513621,0,0,-0.7130790201042877,S,Third,man,True,S,no,True,0
160,0,3,male,1.46353009797533,0,1,-0.16516617738544598,S,Third,man,True,S,no,False,1
161,1,2,female,1.088823809342818,0,0,-0.19095031116045044,S,Second,woman,False,S,yes,True,0
162,0,3,male,-0.222648200870974,0,0,-0.7784602164623343,S,Third,man,True,S,no,True,0
163,0,3,male,-1.0657373502941256,0,0,-0.7130790201042877,S,Third,man,True,S,no,True,0
165,1,3,male,-1.8151499275591494,0,2,0.16081894248425108,S,Third,child,False,S,yes,False,2
166,1,1,female,0.12387246031513621,0,1,2.7005561193221754,S,First,woman,False,S,yes,False,1
167,0,3,female,1.5572066701334577,1,4,0.7041274756004134,S,Third,woman,False,S,no,False,5
168,0,1,male,0.12387246031513621,0,0,0.5586312921557464,S,First,man,True,S,no,True,0
169,0,3,male,-0.03529505655471765,0,0,2.8107501401811796,S,Third,man,True,S,no,True,0
171,0,3,male,-2.2835327883497896,4,1,0.7943719438129285,Q,Third,child,False,Q,no,False,5
175,0,3,male,-0.9720607781359979,1,1,-0.772625635333819,S,Third,man,True,S,no,False,2
176,0,3,male,0.12387246031513621,3,1,0.5248688107012192,S,Third,man,True,S,no,False,4
177,0,1,female,2.0255895309240977,0,0,0.7639835004352448,C,First,woman,False,C,no,True,0
178,0,2,male,0.15205808776153817,0,0,-0.39353993367834134,S,Second,man,True,S,no,True,0
179,0,3,male,0.7141175207103057,0,0,-1.3512363310356441,S,Third,man,True,S,no,True,0
181,0,2,male,0.12387246031513621,0,0,-0.24251857871045898,C,Second,man,True,C,no,True,0
182,0,3,male,-1.8151499275591494,4,2,0.9610479514299205,S,Third,child,False,S,no,False,6
184,1,3,female,-2.2835327883497896,0,2,0.27132237294855527,S,Third,child,False,S,yes,False,2
185,0,1,male,0.12387246031513621,0,0,2.332211351107828,S,First,man,True,S,no,True,0
186,1,3,female,0.12387246031513621,1,0,-0.20936754957116785,Q,Third,woman,False,Q,yes,False,1
187,1,1,male,1.5572066701334577,0,0,0.6046743881825396,S,First,man,True,S,yes,True,0
188,0,3,male,1.088823809342818,1,1,-0.20936754957116785,Q,Third,man,True,Q,no,False,2
189,0,3,male,0.7141175207103057,0,0,-0.7695610068622756,S,Third,man,True,S,no,True,0
190,1,2,female,0.339411232077794,0,0,-0.39353993367834134,S,Second,woman,False,S,yes,True,0
191,0,2,male,-0.8783842059778697,0,0,-0.39353993367834134,S,Second,man,True,S,no,True,0
192,1,3,female,-0.8783842059778697,1,0,-0.772625635333819,S,Third,woman,False,S,yes,False,1
193,1,2,male,-2.3772093605079174,1,1,0.5641564636789616,S,Second,child,False,S,yes,False,2
194,1,1,female,1.46353009797533,0,0,0.6909259991076113,C,First,woman,False,C,yes,True,0
197,0,3,male,1.2761769536590737,0,1,-0.7321077108302408,S,Third,man,True,S,no,False,1
199,0,2,female,-0.41000134518722986,0,0,-0.39353993367834134,S,Second,woman,False,S,no,True,0
200,0,3,male,-0.03529505655471765,0,0,-0.6513812714283845,S,Third,man,True,S,no,True,0
202,0,3,male,0.5267643763940498,0,0,-0.8726975419622929,S,Third,man,True,S,no,True,0
203,0,3,male,1.6040449562125216,0,0,-0.8189781409659125,C,Third,man,True,C,no,True,0
204,1,3,male,-0.9720607781359979,0,0,-0.7582012542105451,S,Third,man,True,S,yes,True,0
206,0,3,male,0.339411232077794,1,0,-0.18358341579616339,S,Third,man,True,S,no,False,1
207,1,3,male,-0.222648200870974,0,0,0.0328191355297656,C,Third,man,True,C,yes,True,0
208,1,3,female,-1.1594139224522537,0,0,-0.780301940303406,Q,Third,woman,False,Q,yes,True,0
209,1,1,male,1.088823809342818,0,0,0.9325012318933086,C,First,man,True,C,yes,True,0
210,0,3,male,-0.41000134518722986,0,0,-0.8318702078534147,S,Third,man,True,S,no,True,0
211,1,2,female,0.620440948552178,0,0,0.19581169546461424,S,Second,woman,False,S,yes,True,0
212,0,3,male,-0.5973544895034857,0,0,-0.8171364171248408,S,Third,man,True,S,no,True,0
214,0,3,male,0.12387246031513621,1,0,-0.780301940303406,Q,Third,man,True,Q,no,False,1
216,1,3,female,-0.12897162871284584,0,0,-0.7674098734159038,S,Third,woman,False,S,yes,True,0
217,0,2,male,1.2761769536590737,1,0,0.6378254173218308,S,Second,man,True,S,no,False,1
219,0,2,male,0.15205808776153817,0,0,-0.577712317785515,S,Second,man,True,S,no,True,0
220,1,3,male,-1.1594139224522537,0,0,-0.7582012542105451,S,Third,man,True,S,yes,True,0
221,0,2,male,-0.12897162871284584,0,0,-0.39353993367834134,S,Second,man,True,S,no,True,0
222,0,3,male,2.1192661030822255,0,0,-0.7582012542105451,S,Third,man,True,S,no,True,0
225,0,3,male,-0.5973544895034857,0,0,-0.6624316144748149,S,Third,man,True,S,no,True,0
226,1,2,male,-0.8783842059778697,0,0,-0.577712317785515,S,Second,man,True,S,yes,True,0
227,0,3,male,-0.7378693477406777,0,0,-0.8171364171248408,S,Third,man,True,S,no,True,0
228,0,2,male,-0.9720607781359979,0,0,-0.39353993367834134,S,Second,man,True,S,no,True,0
229,0,3,female,0.12387246031513621,3,1,0.5248688107012192,S,Third,woman,False,S,no,False,4
231,0,3,male,0.05838151560341,0,0,-0.7784602164623343,S,Third,man,True,S,no,True,0
233,1,3,female,-2.1898562161916617,4,2,0.9610479514299205,S,Third,child,False,S,yes,False,6
234,0,2,male,-0.41000134518722986,0,0,-0.577712317785515,S,Second,man,True,S,no,True,0
235,0,3,female,0.12387246031513621,0,0,-0.7950357310319799,S,Third,woman,False,S,no,True,0
236,0,2,male,1.46353009797533,1,0,0.5641564636789616,S,Second,man,True,S,no,False,1
237,1,2,female,-1.9088264997172775,0,2,0.582573702089679,S,Second,child,False,S,yes,False,2
238,0,2,male,-0.8783842059778697,0,0,-0.577712317785515,S,Second,man,True,S,no,True,0
239,0,2,male,0.43308780423592214,0,0,-0.44694992506942166,S,Second,man,True,S,no,True,0
240,0,3,female,0.12387246031513621,1,0,-0.28641054129088067,C,Third,woman,False,C,no,False,1
242,0,2,male,0.05838151560341,0,0,-0.577712317785515,S,Second,man,True,S,no,True,0
243,0,3,male,-0.5973544895034857,0,0,-0.8263450363301994,S,Third,man,True,S,no,True,0
244,0,3,male,0.15205808776153817,0,0,-0.8189781409659125,C,Third,man,True,C,no,True,0
246,0,3,female,-0.31632477302910195,0,0,-0.7784602164623343,S,Third,woman,False,S,no,True,0
247,1,2,female,-0.41000134518722986,0,2,-0.28303650321403717,S,Second,woman,False,S,yes,False,2
248,1,1,male,0.8077940928684338,1,1,2.520376592502445,S,First,man,True,S,yes,False,2
249,0,2,male,2.4002958195566095,1,0,0.5641564636789616,S,Second,man,True,S,no,False,1
250,0,3,male,0.12387246031513621,0,0,-0.8171364171248408,S,Third,man,True,S,no,True,0
251,0,3,female,0.05838151560341,1,1,-0.5804749035471226,S,Third,woman,False,S,no,False,2
253,0,3,male,0.15205808776153817,1,0,-0.16516617738544598,S,Third,man,True,S,no,False,1
254,0,3,female,1.182500381500946,0,2,0.13779739447085435,S,Third,woman,False,S,no,False,2
255,1,3,female,0.05838151560341,0,2,-0.2280941975871853,C,Third,woman,False,C,yes,False,2
259,1,2,female,2.0255895309240977,0,1,0.5641564636789616,S,Second,woman,False,S,yes,False,1
261,1,3,male,-2.3772093605079174,4,2,0.9610479514299205,S,Third,child,False,S,yes,False,6
263,0,1,male,1.088823809342818,0,0,-1.3512363310356441,S,First,man,True,S,no,True,0
264,0,3,female,0.12387246031513621,0,0,-0.780301940303406,Q,Third,woman,False,Q,no,True,0
265,0,2,male,0.7141175207103057,0,0,-0.577712317785515,S,Second,man,True,S,no,True,0
266,0,3,male,-1.1594139224522537,4,1,1.572500266665737,S,Third,man,True,S,no,False,5
267,1,3,male,-0.31632477302910195,1,0,-0.7784602164623343,S,Third,man,True,S,yes,False,1
270,0,1,male,0.12387246031513621,0,0,0.9325012318933086,S,First,man,True,S,no,True,0
271,1,3,male,-0.31632477302910195,0,0,-1.3512363310356441,S,Third,man,True,S,yes,True,0
272,1,2,female,1.182500381500946,0,1,0.08530826500031011,S,Second,woman,False,S,yes,False,1
273,0,1,male,0.8077940928684338,0,1,0.8367315921575783,C,First,man,True,C,no,False,1
276,0,3,female,1.5572066701334577,0,0,-0.780301940303406,S,Third,woman,False,S,no,True,0
277,0,2,male,0.12387246031513621,0,0,-1.3512363310356441,S,Second,man,True,S,no,True,0
278,0,3,male,-2.0025030718754055,4,1,0.7943719438129285,Q,Third,child,False,Q,no,False,5
279,1,3,female,0.620440948552178,1,1,0.14055998023246205,S,Third,woman,False,S,yes,False,2
281,0,3,male,-0.03529505655471765,0,0,-0.772625635333819,S,Third,man,True,S,no,True,0
282,0,3,male,-1.1594139224522537,0,0,-0.6513812714283845,S,Third,man,True,S,no,True,0
283,1,3,male,-0.8783842059778697,0,0,-0.7582012542105451,S,Third,man,True,S,yes,True,0
284,0,1,male,0.12387246031513621,0,0,0.5641564636789616,S,First,man,True,S,no,True,0
285,0,3,male,0.43308780423592214,0,0,-0.7130790201042877,C,Third,man,True,C,no,True,0
286,1,3,male,0.15205808776153817,0,0,-0.6513812714283845,S,Third,man,True,S,yes,True,0
287,0,3,male,-0.5973544895034857,0,0,-0.7695610068622756,S,Third,man,True,S,no,True,0
288,1,2,male,1.2761769536590737,0,0,-0.39353993367834134,S,Second,man,True,S,yes,True,0
289,1,3,female,-0.5973544895034857,0,0,-0.780301940303406,Q,Third,woman,False,Q,yes,True,0
292,0,2,male,0.7141175207103057,0,0,-0.40274855288370004,C,Second,man,True,C,no,True,0
293,0,3,female,-0.41000134518722986,0,0,-0.6992660912962496,S,Third,woman,False,S,no,True,0
294,0,3,male,-0.41000134518722986,0,0,-0.7695610068622756,S,Third,man,True,S,no,True,0
296,0,3,male,-0.45683963126629396,0,0,-0.8186687313606125,C,Third,man,True,C,no,True,0
298,1,1,male,0.12387246031513621,0,0,0.895666755071874,S,First,man,True,S,yes,True,0
301,1,3,male,0.12387246031513621,2,0,0.36156684116107035,Q,Third,man,True,Q,yes,False,2
302,0,3,male,-0.8783842059778697,0,0,-1.3512363310356441,S,Third,man,True,S,no,True,0
303,1,2,female,0.12387246031513621,0,0,-0.4414247535462065,Q,Second,woman,False,Q,yes,True,0
308,0,2,male,0.15205808776153817,1,0,0.4168185563932226,C,Second,man,True,C,no,False,1
309,1,1,female,0.15205808776153817,0,0,2.842678264689999,C,First,woman,False,C,yes,True,0
312,0,2,female,-0.222648200870974,1,1,0.5641564636789616,S,Second,woman,False,S,no,False,2
314,0,2,male,1.369853525817202,1,1,0.582573702089679,S,Second,man,True,S,no,False,2
315,1,3,female,-0.222648200870974,0,0,-0.772625635333819,S,Third,woman,False,S,yes,True,0
316,1,2,female,-0.41000134518722986,1,0,0.5641564636789616,S,Second,woman,False,S,yes,False,1
317,0,2,male,2.4002958195566095,0,0,-0.319870980035472,S,Second,man,True,S,no,True,0
321,0,3,male,-0.12897162871284584,0,0,-0.7695610068622756,S,Third,man,True,S,no,True,0
322,1,2,female,0.15205808776153817,0,0,-0.4414247535462065,Q,Second,woman,False,Q,yes,True,0
323,1,2,female,-0.5973544895034857,1,1,0.7851633246075699,S,Second,woman,False,S,yes,False,2
327,1,2,female,0.7141175207103057,0,0,-0.39353993367834134,S,Second,woman,False,S,yes,True,0
328,1,3,female,0.2457346599196658,1,1,0.16081894248425108,S,Third,woman,False,S,yes,False,2
329,1,1,female,-1.1594139224522537,0,1,2.920030666015012,C,First,woman,False,C,yes,False,1
330,1,3,female,0.12387246031513621,2,0,0.36156684116107035,Q,Third,woman,False,Q,yes,False,2
331,0,1,male,1.6040449562125216,0,0,0.7483288477861351,S,First,man,True,S,no,True,0
333,0,3,male,-1.1594139224522537,2,0,-0.02519516546399406,S,Third,man,True,S,no,False,2
338,1,3,male,1.5572066701334577,0,0,-0.7582012542105451,S,Third,man,True,S,yes,True,0
339,0,1,male,1.5572066701334577,0,0,1.2640115232862215,S,First,man,True,S,no,True,0
342,0,2,male,-0.03529505655471765,0,0,-0.39353993367834134,S,Second,man,True,S,no,True,0
344,0,2,male,0.7141175207103057,0,0,-0.39353993367834134,S,Second,man,True,S,no,True,0
345,1,2,female,-0.41000134518722986,0,0,-0.39353993367834134,S,Second,woman,False,S,yes,True,0
346,1,2,female,1.088823809342818,0,0,-0.39353993367834134,S,Second,woman,False,S,yes,True,0
347,1,3,female,0.12387246031513621,1,0,-0.16516617738544598,S,Third,woman,False,S,yes,False,1
348,1,3,male,-2.3772093605079174,1,1,-0.17989996811401984,S,Third,child,False,S,yes,False,2
349,0,3,male,1.2761769536590737,0,0,-0.7130790201042877,S,Third,man,True,S,no,True,0
350,0,3,male,-0.5036779173453578,0,0,-0.6716402336801737,S,Third,man,True,S,no,True,0
351,0,1,male,0.12387246031513621,0,0,1.2271770464647866,S,First,man,True,S,no,True,0
352,0,3,male,-1.2530904946103816,1,1,-0.8186687313606125,C,Third,child,False,C,no,False,2
353,0,3,male,-0.31632477302910195,1,0,-0.039928956192567935,S,Third,man,True,S,no,False,1
356,1,1,female,-0.5973544895034857,0,1,2.7005561193221754,S,First,woman,False,S,yes,False,1
357,0,2,female,0.9014706650265619,0,0,-0.39353993367834134,S,Second,woman,False,S,no,True,0
360,0,3,male,1.088823809342818,1,4,0.7041274756004134,S,Third,man,True,S,no,False,5
361,0,2,male,0.05838151560341,1,0,0.6909259991076113,C,Second,man,True,C,no,False,1
362,0,3,female,1.5572066701334577,0,1,-0.28641054129088067,C,Third,woman,False,C,no,False,1
363,0,3,male,0.620440948552178,0,0,-0.8318702078534147,S,Third,man,True,S,no,True,0
365,0,3,male,0.15205808776153817,0,0,-0.8171364171248408,S,Third,man,True,S,no,True,0
367,1,3,female,0.12387246031513621,0,0,-0.8186687313606125,C,Third,woman,False,C,yes,True,0
370,1,1,male,-0.31632477302910195,1,0,2.7330956961462305,C,First,man,True,C,yes,False,1
371,0,3,male,-0.9720607781359979,1,0,-0.8726975419622929,S,Third,man,True,S,no,False,1
372,0,3,male,-0.8783842059778697,0,0,-0.7582012542105451,S,Third,man,True,S,no,True,0
374,0,3,female,-2.3772093605079174,3,1,0.2013368669878294,S,Third,child,False,S,no,False,4
376,1,3,female,-0.5973544895034857,0,0,-0.8171364171248408,S,Third,woman,False,S,yes,True,0
378,0,3,male,-0.7847076338197417,0,0,-1.0556396545436304,C,Third,man,True,C,no,True,0
379,0,3,male,-0.8783842059778697,0,0,-0.7784602164623343,S,Third,man,True,S,no,True,0
382,0,3,male,0.339411232077794,0,0,-0.7674098734159038,S,Third,man,True,S,no,True,0
383,1,1,female,0.620440948552178,1,0,2.479549258393567,S,First,woman,False,S,yes,False,1
388,0,3,male,0.12387246031513621,0,0,-0.7818342545391778,Q,Third,man,True,Q,no,True,0
389,1,2,female,-1.0657373502941256,0,0,-0.46720888732121085,C,Second,woman,False,C,yes,True,0
391,1,3,male,-0.6910310616616139,0,0,-0.7769279022265626,S,Third,man,True,S,yes,True,0
392,0,3,male,-0.03529505655471765,2,0,-0.7674098734159038,S,Third,man,True,S,no,False,2
394,1,3,female,-0.41000134518722986,0,2,-0.12096480519972434,S,Third,woman,False,S,yes,False,2
395,0,3,male,-0.5973544895034857,0,0,-0.7769279022265626,S,Third,man,True,S,no,True,0
396,0,3,female,0.2457346599196658,0,0,-0.772625635333819,S,Third,woman,False,S,no,True,0
397,0,2,male,1.650883242291586,0,0,0.5641564636789616,S,Second,man,True,S,no,True,0
398,0,2,male,-0.5036779173453578,0,0,-0.577712317785515,S,Second,man,True,S,no,True,0
399,1,2,female,-0.03529505655471765,0,0,-0.4193240674533457,S,Second,woman,False,S,yes,True,0
400,1,3,male,0.9951472371846896,0,0,-0.7674098734159038,S,Third,man,True,S,yes,True,0
401,0,3,male,-0.222648200870974,0,0,-0.7582012542105451,S,Third,man,True,S,no,True,0
402,0,3,female,-0.6910310616616139,1,0,-0.6274388614944519,S,Third,woman,False,S,no,False,1
403,0,3,male,-0.03529505655471765,1,0,-0.18358341579616339,S,Third,man,True,S,no,False,1
404,0,3,female,-0.7847076338197417,0,0,-0.7130790201042877,S,Third,woman,False,S,no,True,0
405,0,2,male,0.5267643763940498,1,0,0.19581169546461424,S,Second,man,True,S,no,False,1
406,0,3,male,2.1192661030822255,0,0,-0.780301940303406,S,Third,man,True,S,no,True,0
407,1,2,male,-2.3772093605079174,1,1,0.030056549768157893,S,Second,child,False,S,yes,False,2
408,0,3,male,-0.6910310616616139,0,0,-0.7784602164623343,S,Third,man,True,S,no,True,0
411,0,3,male,0.12387246031513621,0,0,-0.8459925462667527,Q,Third,man,True,Q,no,True,0
414,1,3,male,1.46353009797533,0,0,-0.7674098734159038,S,Third,man,True,S,yes,True,0
415,0,3,female,0.12387246031513621,0,0,-0.7582012542105451,S,Third,woman,False,S,no,True,0
416,1,2,female,0.5267643763940498,1,1,1.043004662357613,S,Second,woman,False,S,yes,False,2
417,1,2,female,-0.9720607781359979,0,2,-0.39353993367834134,S,Second,woman,False,S,yes,False,2
419,0,3,female,-1.7214733554010213,0,2,0.4278688994396529,S,Third,child,False,S,no,False,2
421,0,3,male,-0.6910310616616139,0,0,-0.7815322118292419,Q,Third,man,True,Q,no,True,0
422,0,3,male,0.05838151560341,0,0,-0.7710933210980473,S,Third,man,True,S,no,True,0
423,0,3,female,-0.03529505655471765,1,1,-0.29040339857832415,S,Third,woman,False,S,no,False,2
424,0,3,male,-0.9720607781359979,1,1,0.13779739447085435,S,Third,man,True,S,no,False,2
426,1,2,female,-0.03529505655471765,1,0,0.5641564636789616,S,Second,woman,False,S,yes,False,1
427,1,2,female,-0.8783842059778697,0,0,0.5641564636789616,S,Second,woman,False,S,yes,True,0
429,1,3,male,0.339411232077794,0,0,-0.7582012542105451,S,Third,man,True,S,yes,True,0
430,1,1,male,-0.03529505655471765,0,0,0.6046743881825396,S,First,man,True,S,yes,True,0
432,1,2,female,1.2761769536590737,1,0,0.5641564636789616,S,Second,woman,False,S,yes,False,1
433,0,3,male,-1.0657373502941256,0,0,-0.8263450363301994,S,Third,man,True,S,no,True,0
434,0,1,male,2.0255895309240977,1,0,2.766858177600758,S,First,man,True,S,no,False,1
436,0,3,female,-0.6910310616616139,2,2,1.1811339504379932,S,Third,woman,False,S,no,False,4
437,1,2,female,-0.41000134518722986,2,3,0.030056549768157893,S,Second,woman,False,S,yes,False,5
439,0,2,male,0.2457346599196658,0,0,-0.577712317785515,S,Second,man,True,S,no,True,0
440,1,2,female,1.5572066701334577,1,1,0.582573702089679,S,Second,woman,False,S,yes,False,2
441,0,3,male,-0.7847076338197417,0,0,-0.6513812714283845,S,Third,man,True,S,no,True,0
442,0,3,male,-0.31632477302910195,1,0,-0.7784602164623343,S,Third,man,True,S,no,False,1
443,1,2,female,-0.03529505655471765,0,0,-0.39353993367834134,S,Second,woman,False,S,yes,True,0
444,1,3,male,0.12387246031513621,0,0,-0.7535969446078657,S,Third,man,True,S,yes,True,0
446,1,2,female,-1.4404436389266375,0,1,0.08530826500031011,S,Second,child,False,S,yes,False,1
447,1,1,male,0.5267643763940498,0,0,0.6046743881825396,S,First,man,True,S,yes,True,0
448,1,3,female,-2.1898562161916617,2,1,0.06750247890482834,C,Third,child,False,C,yes,False,3
449,1,1,male,2.2129426752403534,0,0,0.895666755071874,S,First,man,True,S,yes,True,0
450,0,2,male,0.7141175207103057,1,2,0.6930771325539831,S,Second,man,True,S,no,False,3
451,0,3,male,0.12387246031513621,1,0,0.11968956566543712,S,Third,man,True,S,no,False,1
452,0,1,male,0.15205808776153817,0,0,0.6930771325539831,C,First,man,True,C,no,True,0
455,1,3,male,0.05838151560341,0,0,-0.7695610068622756,C,Third,man,True,C,yes,True,0
457,1,1,female,0.12387246031513621,1,0,2.4694197772676723,S,First,woman,False,S,yes,False,1
458,1,2,female,2.0255895309240977,0,0,-0.577712317785515,S,Second,woman,False,S,yes,True,0
460,1,1,male,1.8382363866078417,0,0,0.6046743881825396,S,First,man,True,S,yes,True,0
461,0,3,male,0.5267643763940498,0,0,-0.7582012542105451,S,Third,man,True,S,no,True,0
462,0,1,male,1.7445598144497136,0,0,1.4850183842148297,S,First,man,True,S,no,True,0
463,0,2,male,1.8382363866078417,0,0,-0.39353993367834134,S,Second,man,True,S,no,True,0
465,0,3,male,0.9014706650265619,0,0,-0.8318702078534147,S,Third,man,True,S,no,True,0
468,0,3,male,0.12387246031513621,0,0,-0.7821436641444778,Q,Third,man,True,Q,no,True,0
471,0,3,male,0.9014706650265619,0,0,-0.7130790201042877,S,Third,man,True,S,no,True,0
472,1,2,female,0.43308780423592214,1,2,0.6930771325539831,S,Second,woman,False,S,yes,False,3
473,1,2,female,-0.5036779173453578,0,0,-0.3352162230792816,C,Second,woman,False,C,yes,True,0
474,0,3,female,-0.5973544895034857,0,0,-0.626517999573916,S,Third,woman,False,S,no,True,0
475,0,1,male,0.12387246031513621,0,0,2.479549258393567,S,First,man,True,S,no,True,0
477,0,3,male,0.05838151560341,1,0,-0.8321796174587146,S,Third,man,True,S,no,False,1
478,0,3,male,-0.5973544895034857,0,0,-0.7971868644783517,S,Third,man,True,S,no,True,0
480,0,3,male,-1.8151499275591494,5,2,2.103837594814933,S,Third,child,False,S,no,False,7
482,0,3,male,2.0255895309240977,0,0,-0.7582012542105451,S,Third,man,True,S,no,True,0
489,1,3,male,-1.8151499275591494,1,1,-0.17989996811401984,S,Third,child,False,S,yes,False,2
491,0,3,male,-0.6910310616616139,0,0,-0.8171364171248408,S,Third,man,True,S,no,True,0
495,0,3,male,0.12387246031513621,0,0,-0.28610849858094495,C,Third,man,True,C,no,True,0
497,0,3,male,0.12387246031513621,0,0,-0.23883513102831558,S,Third,man,True,S,no,True,0
499,0,3,male,-0.41000134518722986,0,0,-0.7769279022265626,S,Third,man,True,S,no,True,0
501,0,3,female,-0.6910310616616139,0,0,-0.780301940303406,Q,Third,woman,False,Q,no,True,0
502,0,3,female,0.12387246031513621,0,0,-0.7892011499034646,Q,Third,woman,False,Q,no,True,0
503,0,3,female,0.8077940928684338,0,0,-0.6449352379846334,S,Third,woman,False,S,no,True,0
506,1,2,female,0.43308780423592214,0,2,0.5641564636789616,S,Second,woman,False,S,yes,False,2
507,1,1,male,0.12387246031513621,0,0,0.6046743881825396,S,First,man,True,S,yes,True,0
508,0,3,male,-0.03529505655471765,0,0,0.30815684976999,S,Third,man,True,S,no,True,0
509,1,3,male,-0.222648200870974,0,0,2.8107501401811796,S,Third,man,True,S,yes,True,0
510,1,3,male,0.05838151560341,0,0,-0.780301940303406,Q,Third,man,True,Q,yes,True,0
512,1,1,male,0.7141175207103057,0,0,0.5853362878512867,S,First,man,True,S,yes,True,0
513,1,1,female,2.4002958195566095,1,0,3.0246995153508007,C,First,woman,False,C,yes,False,1
514,0,3,male,-0.41000134518722986,0,0,-0.7990285883194234,S,Third,man,True,S,no,True,0
515,0,1,male,1.7445598144497136,0,0,1.1550404070576892,S,First,man,True,S,no,True,0
516,1,2,female,0.5267643763940498,0,0,-0.577712317785515,S,Second,woman,False,S,yes,True,0
517,0,3,male,0.12387246031513621,0,0,0.4278688994396529,Q,Third,man,True,Q,no,True,0
518,1,2,female,0.7141175207103057,1,0,0.5641564636789616,S,Second,woman,False,S,yes,False,1
519,0,3,male,0.339411232077794,0,0,-0.7695610068622756,S,Third,man,True,S,no,True,0
523,1,1,female,1.46353009797533,0,1,2.920030666015012,C,First,woman,False,C,yes,False,1
524,0,3,male,0.12387246031513621,0,0,-0.8186687313606125,C,Third,man,True,C,no,True,0
525,0,3,male,1.135662095421882,0,0,-0.780301940303406,Q,Third,man,True,Q,no,True,0
528,0,3,male,0.9951472371846896,0,0,-0.7674098734159038,S,Third,man,True,S,no,True,0
529,0,2,male,-0.5036779173453578,2,1,-0.5040433641426455,S,Second,man,True,S,no,False,3
532,0,3,male,-1.0657373502941256,1,1,-0.8186687313606125,C,Third,man,True,C,no,False,2
533,1,3,female,0.12387246031513621,0,2,0.2958762351977237,C,Third,woman,False,C,yes,False,2
534,0,3,female,0.15205808776153817,0,0,-0.7130790201042877,S,Third,woman,False,S,no,True,0
535,1,2,female,-2.0025030718754055,0,2,0.582573702089679,S,Second,child,False,S,yes,False,2
536,0,1,male,1.5572066701334577,0,0,0.6046743881825396,S,First,man,True,S,no,True,0
538,0,3,male,0.12387246031513621,0,0,-0.28303650321403717,S,Third,man,True,S,no,True,0
539,1,1,female,-0.5973544895034857,0,2,2.2953768742863936,C,First,woman,False,C,yes,False,2
541,0,3,female,-1.8151499275591494,4,2,0.9527601941450976,S,Third,child,False,S,no,False,6
542,0,3,female,-1.6277967832428935,4,2,0.9527601941450976,S,Third,child,False,S,no,False,6
543,1,2,male,0.339411232077794,1,0,0.5641564636789616,S,Second,man,True,S,yes,False,1
546,1,2,female,-0.8783842059778697,1,0,0.5641564636789616,S,Second,woman,False,S,yes,False,1
547,1,2,male,0.12387246031513621,0,0,-0.3300004611613664,C,Second,man,True,C,yes,True,0
548,0,3,male,0.43308780423592214,1,1,0.16081894248425108,S,Third,man,True,S,no,False,2
549,1,2,male,-1.9088264997172775,1,1,1.3560977153398084,S,Second,child,False,S,yes,False,2
551,0,2,male,-0.12897162871284584,0,0,0.5641564636789616,S,Second,man,True,S,no,True,0
552,0,3,male,0.12387246031513621,0,0,-0.7744673591748907,Q,Third,man,True,Q,no,True,0
553,1,3,male,-0.5973544895034857,0,0,-0.8189781409659125,C,Third,man,True,C,yes,True,0
554,1,3,female,-0.5973544895034857,0,0,-0.7784602164623343,S,Third,woman,False,S,yes,True,0
556,1,1,female,1.8382363866078417,1,0,1.5660542332219864,C,First,woman,False,C,yes,False,1
559,1,3,female,0.7141175207103057,1,0,-0.06939653764971593,S,Third,woman,False,S,yes,False,1
561,0,3,male,1.088823809342818,0,0,-0.7695610068622756,S,Third,man,True,S,no,True,0
562,0,2,male,-0.03529505655471765,0,0,-0.3567054568569067,S,Second,man,True,S,no,True,0
565,0,3,male,-0.41000134518722986,2,0,0.4278688994396529,S,Third,man,True,S,no,False,2
566,0,3,male,-0.8783842059778697,0,0,-0.7695610068622756,S,Third,man,True,S,no,True,0
567,0,3,female,0.05838151560341,0,4,0.2013368669878294,S,Third,woman,False,S,no,False,4
569,1,3,male,0.339411232077794,0,0,-0.772625635333819,S,Third,man,True,S,yes,True,0
571,1,1,female,2.306619247398482,2,0,2.4411824673363607,S,First,woman,False,S,yes,False,2
572,1,1,male,0.7141175207103057,0,0,0.5927031832155732,S,First,man,True,S,yes,True,0
574,0,3,male,-1.1594139224522537,0,0,-0.7582012542105451,S,Third,man,True,S,no,True,0
575,0,3,male,-0.8783842059778697,0,0,-0.28303650321403717,S,Third,man,True,S,no,True,0
576,1,2,female,0.5267643763940498,0,0,-0.39353993367834134,S,Second,woman,False,S,yes,True,0
577,1,1,female,0.9951472371846896,1,0,2.766858177600758,S,First,woman,False,S,yes,False,1
578,0,3,female,0.12387246031513621,1,0,-0.28610849858094495,C,Third,woman,False,C,no,False,1
579,1,3,male,0.339411232077794,0,0,-0.7674098734159038,S,Third,man,True,S,yes,True,0
580,1,2,female,-0.31632477302910195,1,1,0.8588322782504392,S,Second,woman,False,S,yes,False,2
582,0,2,male,2.4002958195566095,0,0,0.5641564636789616,S,Second,man,True,S,no,True,0
583,0,1,male,0.7141175207103057,0,0,1.6047304338844923,C,First,man,True,C,no,True,0
584,0,3,male,0.12387246031513621,0,0,-0.7093955724221441,C,Third,man,True,C,no,True,0
586,0,2,male,1.7445598144497136,0,0,-0.24620202639260252,S,Second,man,True,S,no,True,0
590,0,3,male,0.620440948552178,0,0,-0.8263450363301994,S,Third,man,True,S,no,True,0
592,0,3,male,1.7445598144497136,0,0,-0.8171364171248408,S,Third,man,True,S,no,True,0
593,0,3,female,0.12387246031513621,0,2,-0.780301940303406,Q,Third,woman,False,Q,no,False,2
594,0,2,male,0.8077940928684338,1,0,0.5641564636789616,S,Second,man,True,S,no,False,1
595,0,3,male,0.7141175207103057,1,1,0.4278688994396529,S,Third,man,True,S,no,False,2
596,1,2,female,0.12387246031513621,0,0,1.0798391391790478,S,Second,woman,False,S,yes,True,0
597,0,3,male,1.9319129587659698,0,0,-1.3512363310356441,S,Third,man,True,S,no,True,0
599,1,1,male,1.9319129587659698,1,0,2.842678264689999,C,First,man,True,C,yes,False,1
600,1,2,female,-0.41000134518722986,2,1,0.6378254173218308,S,Second,woman,False,S,yes,False,3
602,0,1,male,0.12387246031513621,0,0,1.7723273034220206,S,First,man,True,S,no,True,0
603,0,3,male,1.46353009797533,0,0,-0.7582012542105451,S,Third,man,True,S,no,True,0
604,1,1,male,0.620440948552178,0,0,0.6046743881825396,C,First,man,True,C,yes,True,0
605,0,3,male,0.7141175207103057,1,0,-0.2056841018890243,S,Third,man,True,S,no,False,1
606,0,3,male,0.15205808776153817,0,0,-0.7695610068622756,S,Third,man,True,S,no,True,0
607,1,1,male,-0.12897162871284584,0,0,0.895666755071874,S,First,man,True,S,yes,True,0
608,1,2,female,-0.5973544895034857,1,2,1.7118598262719533,C,Second,woman,False,C,yes,False,3
610,0,3,female,0.9951472371846896,1,5,0.9527601941450976,S,Third,woman,False,S,no,False,6
611,0,3,male,0.12387246031513621,0,0,-0.8318702078534147,S,Third,man,True,S,no,True,0
616,0,3,male,0.5267643763940498,1,1,-0.29040339857832415,S,Third,man,True,S,no,False,2
617,0,3,female,-0.222648200870974,1,0,-0.16516617738544598,S,Third,woman,False,S,no,False,1
618,1,2,female,-2.2835327883497896,2,1,1.5218528610362645,S,Second,child,False,S,yes,False,3
619,0,2,male,-0.222648200870974,0,0,-0.577712317785515,S,Second,man,True,S,no,True,0
620,0,3,male,-0.12897162871284584,1,0,-0.28641054129088067,C,Third,man,True,C,no,False,1
621,1,1,male,1.2761769536590737,1,0,2.520376592502445,S,First,man,True,S,yes,False,1
622,1,3,male,-0.7847076338197417,1,1,-0.19156176347568632,C,Third,man,True,C,yes,False,2
623,0,3,male,-0.6910310616616139,0,0,-0.772625635333819,S,Third,man,True,S,no,True,0
624,0,3,male,-0.6910310616616139,0,0,-0.16516617738544598,S,Third,man,True,S,no,True,0
628,0,3,male,-0.222648200870974,0,0,-0.7695610068622756,S,Third,man,True,S,no,True,0
629,0,3,male,0.12387246031513621,0,0,-0.7815322118292419,Q,Third,man,True,Q,no,True,0
631,0,3,male,2.1192661030822255,0,0,-0.8315607982481146,S,Third,man,True,S,no,True,0
632,1,1,male,0.339411232077794,0,0,0.895666755071874,C,First,man,True,C,yes,True,0
633,0,1,male,0.12387246031513621,0,0,-1.3512363310356441,S,First,man,True,S,no,True,0
634,0,3,female,-1.8151499275591494,3,2,0.7041274756004134,S,Third,child,False,S,no,False,5
637,0,2,male,0.2457346599196658,1,1,0.582573702089679,S,Second,man,True,S,no,False,2
638,0,3,female,1.182500381500946,0,5,1.572500266665737,S,Third,woman,False,S,no,False,5
639,0,3,male,0.12387246031513621,1,0,-0.16516617738544598,S,Third,man,True,S,no,False,1
643,1,3,male,0.12387246031513621,0,0,2.8107501401811796,S,Third,man,True,S,yes,True,0
648,0,3,male,0.12387246031513621,0,0,-0.7950357310319799,S,Third,man,True,S,no,True,0
649,1,3,female,-0.5036779173453578,0,0,-0.7950357310319799,S,Third,woman,False,S,yes,True,0
651,1,2,female,-0.9720607781359979,0,1,0.3431496027503532,S,Second,woman,False,S,yes,False,1
652,0,3,male,-0.6910310616616139,0,0,-0.7299639442792334,S,Third,man,True,S,no,True,0
653,1,3,female,0.12387246031513621,0,0,-0.7744673591748907,Q,Third,woman,False,Q,yes,True,0
654,0,3,female,-0.9720607781359979,0,0,-0.8539708939462753,Q,Third,woman,False,Q,no,True,0
657,0,3,female,0.339411232077794,1,1,-0.20936754957116785,Q,Third,woman,False,Q,no,False,2
658,0,2,male,-0.5036779173453578,0,0,-0.39353993367834134,S,Second,man,True,S,no,True,0
661,0,3,male,1.088823809342818,0,0,-0.8189781409659125,C,Third,man,True,C,no,True,0
662,0,1,male,1.7445598144497136,0,0,0.5337680203012777,S,First,man,True,S,no,True,0
663,0,3,male,0.7141175207103057,0,0,-0.7990285883194234,S,Third,man,True,S,no,True,0
664,1,3,male,-0.7847076338197417,1,0,-0.7674098734159038,S,Third,man,True,S,yes,False,1
667,0,3,male,0.12387246031513621,0,0,-0.7784602164623343,S,Third,man,True,S,no,True,0
668,0,3,male,1.369853525817202,0,0,-0.7582012542105451,S,Third,man,True,S,no,True,0
669,1,1,female,0.12387246031513621,1,0,2.479549258393567,S,First,woman,False,S,yes,False,1
670,1,2,female,1.088823809342818,1,1,1.5218528610362645,S,Second,woman,False,S,yes,False,2
671,0,1,male,0.2457346599196658,1,0,2.479549258393567,S,First,man,True,S,no,False,1
673,1,2,male,0.2457346599196658,0,0,-0.39353993367834134,S,Second,man,True,S,yes,True,0
675,0,3,male,-0.9720607781359979,0,0,-0.7784602164623343,S,Third,man,True,S,no,True,0
676,0,3,male,-0.36316305910816576,0,0,-0.7582012542105451,S,Third,man,True,S,no,True,0
677,1,3,female,-0.9720607781359979,0,0,-0.6262085899686161,S,Third,woman,False,S,yes,True,0
678,0,3,female,1.369853525817202,1,6,2.103837594814933,S,Third,woman,False,S,no,False,7
680,0,3,female,0.12387246031513621,0,0,-0.7517552207667941,Q,Third,woman,False,Q,no,True,0
682,0,3,male,-0.7847076338197417,0,0,-0.6716402336801737,S,Third,man,True,S,no,True,0
683,0,3,male,-1.3467670667685094,5,2,2.103837594814933,S,Third,child,False,S,no,False,7
685,0,2,male,-0.31632477302910195,1,2,1.7118598262719533,C,Second,man,True,C,no,False,3
686,0,3,male,-1.3467670667685094,4,1,1.572500266665737,S,Third,child,False,S,no,False,5
687,0,3,male,-0.8783842059778697,0,0,-0.6019641373247476,S,Third,man,True,S,no,True,0
688,0,3,male,-0.9720607781359979,0,0,-0.7769279022265626,S,Third,man,True,S,no,True,0
690,1,1,male,0.2457346599196658,1,0,2.8478940266079142,S,First,man,True,S,yes,False,1
691,1,3,female,-2.2835327883497896,0,1,-0.3628420806953576,C,Third,child,False,C,yes,False,1
693,0,3,male,-0.31632477302910195,0,0,-0.8189781409659125,C,Third,man,True,C,no,True,0
695,0,2,male,2.2129426752403534,0,0,-0.3567054568569067,S,Second,man,True,S,no,True,0
697,1,3,female,0.12387246031513621,0,0,-0.7815322118292419,Q,Third,woman,False,Q,yes,True,0
699,0,3,male,1.2761769536590737,0,0,-0.7876688356676929,S,Third,man,True,S,no,True,0
701,1,1,male,0.620440948552178,0,0,0.5853362878512867,S,First,man,True,S,yes,True,0
702,0,3,female,-0.9720607781359979,0,1,-0.28641054129088067,C,Third,woman,False,C,no,False,1
703,0,3,male,-0.31632477302910195,0,0,-0.7809133926186418,Q,Third,man,True,Q,no,True,0
704,0,3,male,-0.222648200870974,1,0,-0.772625635333819,S,Third,man,True,S,no,False,1
705,0,2,male,0.9951472371846896,0,0,0.5641564636789616,S,Second,man,True,S,no,True,0
706,1,2,female,1.5572066701334577,0,0,-0.3567054568569067,S,Second,woman,False,S,yes,True,0
707,1,1,male,1.2761769536590737,0,0,0.5853362878512867,S,First,man,True,S,yes,True,0
710,1,1,female,-0.41000134518722986,0,0,2.295686283891693,C,First,woman,False,C,yes,True,0
711,0,1,male,0.12387246031513621,0,0,0.6046743881825396,S,First,man,True,S,no,True,0
712,1,1,male,1.8382363866078417,1,0,2.479549258393567,S,First,man,True,S,yes,False,1
713,0,3,male,0.05838151560341,0,0,-0.6526115429542203,S,Third,man,True,S,no,True,0
714,0,2,male,2.2129426752403534,0,0,-0.39353993367834134,S,Second,man,True,S,no,True,0
715,0,3,male,-0.8783842059778697,0,0,-0.7876688356676929,S,Third,man,True,S,no,True,0
717,1,2,female,-0.12897162871284584,0,0,-0.577712317785515,S,Second,woman,False,S,yes,True,0
718,0,3,male,0.12387246031513621,0,0,-0.20936754957116785,Q,Third,man,True,Q,no,True,0
719,0,3,male,0.43308780423592214,0,0,-0.7784602164623343,S,Third,man,True,S,no,True,0
720,1,2,female,-2.0961796440335334,0,1,1.0798391391790478,S,Second,child,False,S,yes,False,1
721,0,3,male,-1.0657373502941256,1,0,-0.8315607982481146,S,Third,man,True,S,no,False,1
722,0,2,male,0.5267643763940498,0,0,-0.39353993367834134,S,Second,man,True,S,no,True,0
723,0,2,male,2.0255895309240977,0,0,-0.39353993367834134,S,Second,man,True,S,no,True,0
724,1,1,male,-0.12897162871284584,1,0,2.5605851074007235,S,First,man,True,S,yes,False,1
725,0,3,male,-0.7847076338197417,0,0,-0.7130790201042877,S,Third,man,True,S,no,True,0
726,1,2,female,0.15205808776153817,3,0,0.19581169546461424,S,Second,woman,False,S,yes,False,3
727,1,3,female,0.12387246031513621,0,0,-0.7812228022239419,Q,Third,woman,False,Q,yes,True,0
728,0,2,male,-0.31632477302910195,1,0,0.5641564636789616,S,Second,man,True,S,no,False,1
729,0,3,female,-0.31632477302910195,1,0,-0.7674098734159038,S,Third,woman,False,S,no,False,1
731,0,3,male,-1.6277967832428935,0,0,0.0328191355297656,C,Third,child,False,C,no,True,0
735,0,3,male,0.011543229524346173,0,0,-0.16516617738544598,S,Third,man,True,S,no,True,0
736,0,3,female,1.8382363866078417,1,3,1.1811339504379932,S,Third,woman,False,S,no,False,4
740,1,1,male,0.12387246031513621,0,0,0.8588322782504392,S,First,man,True,S,yes,True,0
743,0,3,male,-0.41000134518722986,1,0,-0.16516617738544598,S,Third,man,True,S,no,False,1
744,1,3,male,0.2457346599196658,0,0,-0.7674098734159038,S,Third,man,True,S,yes,True,0
746,0,3,male,-1.1594139224522537,1,1,0.14055998023246205,S,Third,man,True,S,no,False,2
747,1,2,female,0.15205808776153817,0,0,-0.39353993367834134,S,Second,woman,False,S,yes,True,0
748,0,1,male,-0.8783842059778697,1,0,2.5605851074007235,S,First,man,True,S,no,False,1
749,0,3,male,0.2457346599196658,0,0,-0.780301940303406,Q,Third,man,True,Q,no,True,0
750,1,2,female,-2.2835327883497896,1,1,0.3431496027503532,S,Second,child,False,S,yes,False,2
751,1,3,male,-2.0961796440335334,0,1,-0.43221613434084794,S,Third,child,False,S,yes,False,1
752,0,3,male,0.43308780423592214,0,0,-0.6513812714283845,S,Third,man,True,S,no,True,0
753,0,3,male,-0.5036779173453578,0,0,-0.7695610068622756,S,Third,man,True,S,no,True,0
756,0,3,male,-0.03529505655471765,0,0,-0.7769279022265626,S,Third,man,True,S,no,True,0
761,0,3,male,1.182500381500946,0,0,-0.8263450363301994,S,Third,man,True,S,no,True,0
762,1,3,male,-0.7847076338197417,0,0,-0.8186687313606125,C,Third,man,True,C,yes,True,0
764,0,3,male,-1.1594139224522537,0,0,-0.7784602164623343,S,Third,man,True,S,no,True,0
766,0,1,male,0.12387246031513621,0,0,1.5660542332219864,C,First,man,True,C,no,True,0
767,0,3,female,0.198896373840602,0,0,-0.780301940303406,Q,Third,woman,False,Q,no,True,0
768,0,3,male,0.12387246031513621,1,0,0.4278688994396529,Q,Third,man,True,Q,no,False,1
769,0,3,male,0.339411232077794,0,0,-0.7351797061971483,S,Third,man,True,S,no,True,0
770,0,3,male,-0.41000134518722986,0,0,-0.6513812714283845,S,Third,man,True,S,no,True,0
771,0,3,male,1.8382363866078417,0,0,-0.772625635333819,S,Third,man,True,S,no,True,0
774,1,2,female,2.4002958195566095,1,3,0.3431496027503532,S,Second,woman,False,S,yes,False,4
775,0,3,male,-0.9720607781359979,0,0,-0.780301940303406,S,Third,man,True,S,no,True,0
777,1,3,female,-2.1898562161916617,0,0,-0.43221613434084794,S,Third,child,False,S,yes,True,0
778,0,3,male,0.12387246031513621,0,0,-0.7812228022239419,Q,Third,man,True,Q,no,True,0
780,1,3,female,-1.4404436389266375,0,0,-0.8186687313606125,C,Third,child,False,C,yes,True,0
781,1,1,female,-1.0657373502941256,1,0,2.8478940266079142,S,First,woman,False,S,yes,False,1
782,0,1,male,0.05838151560341,0,0,0.8588322782504392,S,First,man,True,S,no,True,0
783,0,3,male,0.12387246031513621,1,2,0.37630063188964424,S,Third,man,True,S,no,False,3
784,0,3,male,-0.31632477302910195,0,0,-0.8318702078534147,S,Third,man,True,S,no,True,0
785,0,3,male,-0.31632477302910195,0,0,-0.8171364171248408,S,Third,man,True,S,no,True,0
786,1,3,female,-0.9720607781359979,0,0,-0.7990285883194234,S,Third,woman,False,S,yes,True,0
787,0,3,male,-1.9088264997172775,4,1,0.7943719438129285,Q,Third,child,False,Q,no,False,5
791,0,2,male,-1.1594139224522537,0,0,0.5641564636789616,S,Second,man,True,S,no,True,0
793,0,1,male,0.12387246031513621,0,0,0.9100911361951479,C,First,man,True,C,no,True,0
794,0,3,male,-0.31632477302910195,0,0,-0.7695610068622756,S,Third,man,True,S,no,True,0
795,0,2,male,0.9951472371846896,0,0,-0.39353993367834134,S,Second,man,True,S,no,True,0
796,1,1,female,1.9319129587659698,0,0,0.5589407017610465,S,First,woman,False,S,yes,True,0
797,1,3,female,0.2457346599196658,0,0,-0.711546705868516,S,Third,woman,False,S,yes,True,0
798,0,3,male,0.15205808776153817,0,0,-0.8186687313606125,C,Third,man,True,C,no,True,0
799,0,3,female,0.15205808776153817,1,1,0.4278688994396529,S,Third,woman,False,S,no,False,2
801,1,2,female,0.2457346599196658,1,1,0.582573702089679,S,Second,woman,False,S,yes,False,2
804,1,3,male,-0.12897162871284584,0,0,-0.8373953793766299,S,Third,man,True,S,yes,True,0
805,0,3,male,0.2457346599196658,0,0,-0.7784602164623343,S,Third,man,True,S,no,True,0
806,0,1,male,0.9951472371846896,0,0,-1.3512363310356441,S,First,man,True,S,no,True,0
807,0,3,female,-0.9720607781359979,0,0,-0.7784602164623343,S,Third,woman,False,S,no,True,0
809,1,1,female,0.43308780423592214,1,0,2.5605851074007235,S,First,woman,False,S,yes,False,1
810,0,3,male,-0.222648200870974,0,0,-0.7701724591775114,S,Third,man,True,S,no,True,0
811,0,3,male,0.9951472371846896,0,0,0.4278688994396529,S,Third,man,True,S,no,True,0
812,0,2,male,0.620440948552178,0,0,-0.577712317785515,S,Second,man,True,S,no,True,0
813,0,3,female,-2.0961796440335334,4,2,0.9527601941450976,S,Third,child,False,S,no,False,6
814,0,3,male,0.198896373840602,0,0,-0.7582012542105451,S,Third,man,True,S,no,True,0
816,0,3,female,-0.5036779173453578,0,0,-0.7674098734159038,S,Third,woman,False,S,no,True,0
817,0,2,male,0.2457346599196658,1,1,1.3748243633558253,C,Second,man,True,C,no,False,2
818,0,3,male,1.369853525817202,0,0,-0.8760715800391363,S,Third,man,True,S,no,True,0
819,0,3,male,-1.7214733554010213,3,2,0.7041274756004134,S,Third,child,False,S,no,False,5
821,1,3,male,-0.12897162871284584,0,0,-0.7130790201042877,S,Third,man,True,S,yes,True,0
822,0,1,male,0.9014706650265619,0,0,-1.3512363310356441,S,First,man,True,S,no,True,0
823,1,3,female,-0.12897162871284584,0,1,-0.43221613434084794,S,Third,woman,False,S,yes,False,1
825,0,3,male,0.12387246031513621,0,0,-0.8392371032177015,Q,Third,man,True,Q,no,True,0
826,0,3,male,0.12387246031513621,0,0,2.8107501401811796,S,Third,man,True,S,no,True,0
828,1,3,male,0.12387246031513621,0,0,-0.780301940303406,Q,Third,man,True,Q,yes,True,0
830,1,3,female,-1.2530904946103816,1,0,-0.28641054129088067,C,Third,child,False,C,yes,False,1
833,0,3,male,-0.5036779173453578,0,0,-0.772625635333819,S,Third,man,True,S,no,True,0
834,0,3,male,-0.9720607781359979,0,0,-0.7397840157998277,S,Third,man,True,S,no,True,0
836,0,3,male,-0.6910310616616139,0,0,-0.7130790201042877,S,Third,man,True,S,no,True,0
839,1,1,male,0.12387246031513621,0,0,0.8367315921575783,C,First,man,True,C,yes,True,0
840,0,3,male,-0.7847076338197417,0,0,-0.7674098734159038,S,Third,man,True,S,no,True,0
841,0,2,male,-1.1594139224522537,0,0,-0.577712317785515,S,Second,man,True,S,no,True,0
842,1,1,female,0.15205808776153817,0,0,0.9325012318933086,C,First,woman,False,C,yes,True,0
843,0,3,male,0.5736026624731142,0,0,-0.8769924419596722,C,Third,man,True,C,no,True,0
845,0,3,male,1.2761769536590737,0,0,-0.7950357310319799,S,Third,man,True,S,no,True,0
847,0,3,male,0.620440948552178,0,0,-0.7695610068622756,C,Third,man,True,C,no,True,0
848,0,2,male,-0.03529505655471765,0,1,1.0798391391790478,S,Second,man,True,S,no,False,1
850,0,3,male,-2.2835327883497896,4,2,0.9527601941450976,S,Third,child,False,S,no,False,6
852,0,3,female,-1.8151499275591494,1,1,-0.2280941975871853,C,Third,child,False,C,no,False,2
853,1,1,female,-1.1594139224522537,0,1,1.5513204424934122,S,First,woman,False,S,yes,False,1
854,0,2,female,1.46353009797533,1,0,0.5641564636789616,S,Second,woman,False,S,no,False,1
855,1,3,female,-0.9720607781359979,0,1,-0.6624316144748149,S,Third,woman,False,S,yes,False,1
857,1,1,male,2.1192661030822255,0,0,0.6046743881825396,S,First,man,True,S,yes,True,0
858,1,3,female,-0.41000134518722986,0,3,0.06750247890482834,C,Third,woman,False,C,yes,False,3
860,0,3,male,1.182500381500946,2,0,-0.31189263235594916,S,Third,man,True,S,no,False,2
861,0,2,male,-0.6910310616616139,1,0,-0.5040433641426455,S,Second,man,True,S,no,False,1
862,1,1,female,1.8382363866078417,0,0,0.5589407017610465,S,First,woman,False,S,yes,True,0
864,0,2,male,-0.41000134518722986,0,0,-0.39353993367834134,S,Second,man,True,S,no,True,0
865,1,2,female,1.2761769536590737,0,0,-0.39353993367834134,S,Second,woman,False,S,yes,True,0
866,1,2,female,-0.12897162871284584,1,0,-0.33030987076666657,C,Second,woman,False,C,yes,False,1
867,0,1,male,0.2457346599196658,0,0,2.3687364183239628,S,First,man,True,S,no,True,0
868,0,3,male,0.12387246031513621,0,0,-0.6513812714283845,S,Third,man,True,S,no,True,0
869,1,3,male,-2.2835327883497896,1,1,-0.5310577694434857,S,Third,child,False,S,yes,False,2
871,1,1,female,1.7445598144497136,1,1,2.520376592502445,S,First,woman,False,S,yes,False,2
872,0,1,male,0.43308780423592214,0,0,-0.982891562821297,S,First,man,True,S,no,True,0
873,0,3,male,1.7445598144497136,0,0,-0.6882157482498191,S,Third,man,True,S,no,True,0
874,1,2,female,-0.03529505655471765,1,0,0.4168185563932226,C,Second,woman,False,C,yes,False,1
875,1,3,female,-1.2530904946103816,0,0,-0.8189781409659125,C,Third,child,False,C,yes,True,0
876,0,3,male,-0.7847076338197417,0,0,-0.6259065472586802,S,Third,man,True,S,no,True,0
880,1,2,female,-0.31632477302910195,0,1,0.5641564636789616,S,Second,woman,False,S,yes,False,1
881,0,3,male,0.43308780423592214,0,0,-0.7695610068622756,S,Third,man,True,S,no,True,0
882,0,3,female,-0.5973544895034857,0,0,-0.5764820462596791,S,Third,woman,False,S,no,True,0
883,0,2,male,-0.03529505655471765,0,0,-0.577712317785515,S,Second,man,True,S,no,True,0
885,0,3,female,0.9951472371846896,0,5,0.7943719438129285,Q,Third,woman,False,Q,no,False,5
887,1,1,female,-0.8783842059778697,0,0,0.8588322782504392,S,First,woman,False,S,yes,True,0
888,0,3,female,0.12387246031513621,1,2,0.37630063188964424,S,Third,woman,False,S,no,False,3
889,1,1,male,-0.222648200870974,0,0,0.8588322782504392,C,First,man,True,C,yes,True,0
890,0,3,male,0.339411232077794,0,0,-0.780301940303406,Q,Third,man,True,Q,no,True,0
